keys,en
AWARD_BUTTERFINGERS,Butterfingers
AWARD_CATEGORY_AIRBORNE,AIRBORNE
AWARD_CATEGORY_CLUMSY,CLUMSY
AWARD_CATEGORY_COLLECTOR,COLLECTOR
AWARD_CATEGORY_COMBAT,COMBAT
AWARD_CATEGORY_SURVIVOR,SURVIVOR
AWARD_HARD_TO_KILL,Hard to Kill
AWARD_HEAVY_HITTER,Heavy Hitter
AWARD_LONGEST_AIRTIME,Longest Airtime
AWARD_MAGPIE,Magpie
AWARD_PUNCHING_BAG,Punching Bag
AWARD_TOP_BRAWLER,Top Brawler
BANNER_DOUBLE_KO,DOUBLE KO!
BANNER_FIRST_BLOOD,FIRST BLOOD
BANNER_LAST_ONE_STANDING,LAST ONE STANDING
BANNER_MULTI_KO,MULTI KO!
BANNER_TEAM_SCORE,RED %d - %d BLUE
BANNER_TEAM_WINS,%s TEAM WINS
BANNER_TRIPLE_KO,TRIPLE KO!
DEMO_END_CARD,"Thanks for playing the Pickfight demo!
Wishlist the full game on Steam"
HOST_MATCH_KIND_STATE,Match (O): %s
JOIN_ERR_COUCH,"That host is playing a Couch match, not Online."
JOIN_ERR_ROOM_CLOSED,That room is closed.
LOBBY_KIND_DROPPED_PHONES,Online match: %d phone players left the lobby
LOBBY_KIND_DROPPED_REMOTE,Couch match: %d online players left the lobby
LOBBY_ONLINE_WAITING,Share the room code: %d joined (need %d)
LOBBY_PRESS_READY_ONLINE,Waiting for everyone to ready up
MATCH_COUCH,Couch
MATCH_ONLINE,Online
MATCH_SOLO,Solo
TITLE_COUCH,Couch (C)
TITLE_COUCH_HINT,One screen: phones and gamepads in this room
TITLE_ONLINE,Online (O)
TITLE_ONLINE_HINT,Everyone plays on their own computer
TITLE_PICK,How are you playing?
TITLE_SOLO,Solo (S)
TITLE_SOLO_HINT,You against 3 bots
DETAIL_AIRBORNE,%.1fs airborne
DETAIL_ALIVE,%s alive
DETAIL_DAMAGE,%d damage
DETAIL_DAMAGE_TAKEN,%d damage taken
DETAIL_KO_MANY,%d KOs
DETAIL_KO_ONE,%d KO
DETAIL_PICKUP_MANY,%d pickups
DETAIL_PICKUP_ONE,%d pickup
DETAIL_SELF_KO_MANY,%d self-KOs
DETAIL_SELF_KO_ONE,%d self-KO
FEEDBACK_EMPTY,Type something first.
FEEDBACK_FAILED,Could not send feedback. Try again later.
FEEDBACK_OFFLINE,Feedback is offline right now
FEEDBACK_PLACEHOLDER,What would make this better?
FEEDBACK_RATE_LIMITED,Too much feedback for now. Try again later.
FEEDBACK_SEND,Send
FEEDBACK_SENDING,Sending...
FEEDBACK_SENT,Thanks! Feedback sent.
FEEDBACK_TITLE,Send feedback to the developers
FEED_KO,KO
FEED_SELF_KO,self-KO
HOST_END_MATCH,End match
HOST_FIRST_TO_DOWN,First to  -
HOST_GAMEPAD_HINT,"Press A to join, Y for menu"
HOST_JOIN_BLOCKED,Off while players are in your lobby
HOST_JOIN_ONLINE,Join someone's game (J)
HOST_JOIN_ONLINE_PAD,Join someone's game
HOST_KICK,Kick
HOST_MODE,Mode (T)
HOST_MODE_STATE,Mode (T): %s
HOST_BOTS_STATE,Bots (B): %d
HOST_START_MATCH,START!
HOW_TO_PLAY_LINE_1,Drag on your phone to swing your pick. Flick fast to hit hard.
HOW_TO_PLAY_LINE_2,Hook the pick on a ledge and pull to climb.
HOW_TO_PLAY_LINE_3,Touch a weapon pickup to grab it.
HOW_TO_PLAY_LINE_4,"Hit them till they die, or knock them off. Last one standing wins."
HOW_TO_PLAY_TITLE,How to play
JOIN_BUTTON,Join
JOIN_CANCEL,Cancel
JOIN_CLOSED_EARLY,The connection closed before the match was joined.
JOIN_CONNECTING,Connecting to the relay...
JOIN_ENTER_CODE,Enter the %d-letter room code from the host's screen.
JOIN_ERR_BAD_ROOM,No room with that code. Check the code on the host's screen.
JOIN_ERR_DEMO_ONLY,This room is running the demo. Join it from the demo.
JOIN_ERR_DISCONNECTED,Disconnected: %s
JOIN_ERR_ELSEWHERE,You joined from somewhere else.
JOIN_ERR_FULL_ONLY,Get the full game to join this room
JOIN_ERR_HOST_LEFT,Host left.
JOIN_ERR_IDLE,The room closed after sitting idle.
JOIN_ERR_NO_HELLO,The host did not accept the join in time.
JOIN_ERR_NO_SLOT,That match has no free player slot.
JOIN_ERR_REMOVED,The host removed you from the match.
JOIN_ERR_ROOM_FULL,That room is full.
JOIN_ERR_VERSION,Update your game: this version does not match the host's.
JOIN_JOINING_ROOM,Joining room %s...
JOIN_LEAVE_MATCH,Leave match
JOIN_LOBBY_TITLE,Lobby
JOIN_LOST,Lost the connection to the host.
JOIN_MOUSE_SENS,Mouse sensitivity
JOIN_NAME_PLACEHOLDER,Player
JOIN_ON_PHONE,Join on your phone:
JOIN_PAUSED,Paused
JOIN_PAUSE_MATCH,Pause match
JOIN_PLAYER_READY,%s  ready
JOIN_READY,Ready
JOIN_RELAY_NO_ANSWER,Could not reach the relay at %s (no answer).
JOIN_RELAY_UNREACHABLE,Could not reach the relay at %s.
JOIN_RESUME,Resume
JOIN_RESUME_MATCH,Resume match
JOIN_ROOM_CODE_LABEL,Room code (from the host's screen)
JOIN_ROOM_OVER,Room %s  match over
JOIN_ROOM_STARTING,Room %s  starting in %d
JOIN_ROOM_TITLE,Room %s
JOIN_TIMEOUT,Timed out waiting for the host. Check the code and try again.
JOIN_TITLE,Join online game
JOIN_UPDATE_LINK,Get the latest version
JOIN_WAITING,Waiting for the host...
JOIN_WAITING_HOST,"Joined room %s, waiting for the host..."
JOIN_YOUR_NAME,Your name
LOBBY_AUTO,(auto)
LOBBY_BOTH_TEAMS_NEED_PLAYER,Both teams need a player: pick a team on your phone
LOBBY_FIRST_TO,First to %d
LOBBY_CAPTURES_TO_WIN,Captures to win %d
LOBBY_GOALS_TO_WIN,Goals to win %d
LOBBY_LIVES,Lives %d
LOBBY_HOST_TAG,  (host)
LOBBY_NOBODY_YET,nobody yet
LOBBY_NOT_READY,not ready
LOBBY_PAD_TIP,"Right stick swings, a bumper lets go"
LOBBY_PRESS_READY,Press Ready on your phone
LOBBY_READY,READY
LOBBY_SCAN_TO_JOIN,Scan to join: %d joined (need %d)
LOBBY_TEAMS_FIRST_TO,Teams  -  first to %d
LOBBY_TEAM_HEADER,%s TEAM (%d)
MODE_CLASSIC_NAME,Classic
MODE_CLASSIC_RULE,Last one standing wins.
MODE_FFA,Free-for-all
MODE_HOT_POTATO_NAME,Hot Potato
MODE_HOT_POTATO_RULE,Do not hold the tag when the fuse ends.
MODE_KING_OF_THE_HILL_NAME,King of the Hill
MODE_KING_OF_THE_HILL_RULE,Hold the hill alone to win.
MODE_STOCK_NAME,Stock
MODE_STOCK_RULE,Lose all your lives and you are out.
MODE_SUDDEN_DEATH_NAME,Sudden Death
MODE_SUDDEN_DEATH_RULE,One hit and you are out.
MODE_TEAMS,Teams
MODIFIER_BIG_HEADS,Big Heads
MODIFIER_BOUNCY,Bouncy
MODIFIER_DOUBLE_DAMAGE,Double Damage
MODIFIER_FAST_LAVA,Fast Lava
MODIFIER_GALE,Gale
MODIFIER_HEAVY_WEAPONS,Heavy Weapons
MODIFIER_LOW_GRAVITY,Low Gravity
MODIFIER_METEOR_SHOWER,Meteor Shower
MODIFIER_SLIPPERY_FLOOR,Slippery Floor
MODIFIER_SUDDEN_DEATH,Sudden Death!
MODIFIER_TINY_WEAPONS,Tiny Weapons
MODIFIER_WEAPON_ROULETTE,Weapon Roulette
OFF,off
ON,on
ONLINE_CONNECTING,connecting…
ONLINE_ONLINE,online
ONLINE_ROOM,Online: %s
ONLINE_ROOM_RECONNECTING,Online: %s (reconnecting...)
ONLINE_UNREACHABLE,relay unreachable: playing offline
OVERTIME,OVERTIME
PAUSED,PAUSED
PHONE_STOCK_RANDOM,Random
PING_MS,%d ms
REPLAY_NOTHING,Replay: nothing recorded yet
REPLAY_SAVED,Replay saved: %s
ROOM_CODE_HIDDEN,Code hidden: see host phone
SCORE_PLAYER,P%d: %d
SCORE_TEAM,%s: %d
SETTINGS,Settings
SETTINGS_FEEDBACK,Feedback
SETTINGS_FULLSCREEN,Full (F11)
SETTINGS_HIDE_ROOM_CODE,Hide room code
SETTINGS_MASTER_VOLUME,Master volume
SETTINGS_MORE_OPTIONS,More options
SETTINGS_MUSIC,Music
SETTINGS_MUTE,Mute (M)
SETTINGS_MUTED,Settings (muted)
SETTINGS_NAME_TAGS,Name tags: %sx
SETTINGS_REDUCE_FLASHES,Reduce flashes
SETTINGS_SCREEN_SHAKE,Screen shake
SETTINGS_SFX,Sound effects
SETTINGS_STAGES_LIST,Stages (untick to skip)
SETTINGS_WEAPONS_LIST,Weapons (untick to skip)
SETTINGS_WINDOW_DEFAULT,Window: default
SETTINGS_WINDOW_SIZE,Window: %d x %d
STAGE_BATTLEFIELD,Battlefield
STAGE_BOWL,Bowl
STAGE_BULWARK,Bulwark
STAGE_CAROUSEL,Carousel
STAGE_CASCADE,Cascade
STAGE_COLOSSEUM,Colosseum
STAGE_EROSION,Erosion
STAGE_FERRY,Ferry
STAGE_FINALDESTINATION,Final Destination
STAGE_FLATLANDS,Flatlands
STAGE_FOOTBRIDGE,Footbridge
STAGE_FURNACE,Furnace
STAGE_GALE,Gale
STAGE_GANTRY,Gantry
STAGE_GAUNTLET,Gauntlet
STAGE_HIGHRISE,Highrise
STAGE_ISLANDS,Islands
STAGE_MILL,Mill
STAGE_OVERPASS,Overpass
STAGE_PILLARS,Pillars
STAGE_PISTONS,Pistons
STAGE_POCKET,Pocket
STAGE_QUARRY,Quarry
STAGE_REACTOR,Reactor
STAGE_ROCKFALL,Rockfall
STAGE_SINKHOLE,Sinkhole
STAGE_SLANT,Slant
STAGE_SPRINGBOARD,Springboard
STAGE_UPDRAFT,Updraft
STAGE_VENT,Vent
STAGE_ZIGGURAT,Ziggurat
STATS_LINE,%s  %d KO  %d dealt  %d taken  %d self  %d pick  %s
TEAM_BLUE,BLUE
TEAM_RED,RED
VICTORY_MATCH_OVER,MATCH OVER
VICTORY_TAP_CONTINUE,Tap Continue on your phone
VICTORY_TEAM_WINS,%s TEAM WINS!
VICTORY_WINS,%s WINS!
WAITING_FOR_PLAYERS,Waiting for players: %d connected (need %d)
STAGE_RACETRACK,Racetrack
STAGE_SWITCHYARD,Switchyard
STAGE_ORBIT,Orbit
SETTINGS_SHARE_STATS,Share anonymous match stats
TELEMETRY_NOTICE,"Pickfight sends anonymous match stats (weapon damage, hits and KOs, mode, stages and match length; no names or IDs) to help balance the game. Change it any time in Settings > More options > Share anonymous match stats."
TELEMETRY_TURN_OFF,Turn off
TELEMETRY_OK,Got it
STAGE_MESA,Mesa
STAGE_RELAY,Relay
STAGE_ROUNDABOUT,Roundabout
STAGE_SUMMIT,Summit
MODE_SOCCER_NAME,Soccer
MODE_SOCCER_RULE,Reach the goal target to win.
SOCCER_GOAL,GOAL!
AWARD_CATEGORY_SCORER,SCORER
STAGE_PITCH,Pitch
STAGE_CAGE,Cage
STAGE_DUNES,Dunes
MODE_CAPTURE_THE_FLAG_NAME,Capture the Flag
MODE_CAPTURE_THE_FLAG_RULE,Reach the capture target to win.
AWARD_CATEGORY_CAPTURER,CAPTURER
STAGE_BASTION,Bastion
STAGE_STRONGHOLD,Stronghold
AWARD_CATEGORY_HILL,HILL
AWARD_CATEGORY_TAGGER,TAGGER
AWARD_CATEGORY_LIVES,LIVES
HUD_TAKES_ROUND,%s takes the round
HUD_TEAM_TAKES_ROUND,%s team takes the round
HUD_ROUND_DRAWN,Round drawn
HUD_WINS_MATCH,%s wins the match
HUD_TEAM_WINS_MATCH,%s team wins the match
HUD_PODIUM_ROW,%d. %s  %d
HUD_HOLD,%s %d/%ds
HUD_HILL_MOVING,Hill is moving!
HUD_CTF,Red %d - Blue %d  Flags: red %s / blue %s
HUD_FLAG_0,home
HUD_FLAG_1,carried
HUD_FLAG_2,dropped
HUD_SOCCER,Red %d - Blue %d (first to %d)
HUD_POTATO,%s has the potato: %ds
HUD_LIVES,%s x%d
PICKER_TITLE,Your look
PICKER_HAT,Hat
PICKER_COLOUR,Colour
PICKER_EYES,Eyes
PICKER_HAT_NONE,None
PICKER_HAT_CROWN,Crown
PICKER_HAT_TOP_HAT,Top hat
PICKER_HAT_CAP,Cap
PICKER_HAT_BEANIE,Beanie
PICKER_HAT_VIKING,Viking
PICKER_HAT_PARTY,Party hat
PICKER_HAT_HALO,Halo
PICKER_HAT_PROPELLER,Propeller
PICKER_EYES_ROUND,Round
PICKER_EYES_SLEEPY,Sleepy
PICKER_EYES_ANGRY,Angry
PICKER_EYES_WIDE,Wide
PICKER_EYES_DOT,Dot
PICKER_EYES_VISOR,Visor
JOIN_REJOINING,Rejoining your seat...
REPLAY_GIF_ENCODING,Replay saved. Encoding GIF: %s
REPLAY_GIF_SAVED,GIF saved: %s
LOBBY_START_NEED_PLAYERS,Cannot start yet: %d joined (need %d)
LOBBY_START_HELD_SEAT,Cannot start yet: waiting for %d held seat(s) to reconnect
MODE_STOCK_RULE_N,Lose all %d lives and you are out.
MODE_SOCCER_RULE_N,First team to %d goals wins.
MODE_CAPTURE_THE_FLAG_RULE_N,First team to %d captures wins.
HOST_START_WAITING,Waiting...
HOW_TO_PLAY_BUTTON,How to play
LOBBY_YOU_TAG," (you)"
LOBBY_BOT,BOT
LOBBY_OPEN_SEAT,Open seat
LOBBY_SEAT_HINT_COUCH,Scan QR or press A
LOBBY_SEAT_HINT_SOLO,Add a bot with B
LOBBY_SEAT_HINT_ONLINE,Share the room code
LOBBY_PLAYERS,Players
LOBBY_COUNT,"%d joined, %d bots"
LOBBY_COUNT_ONE_BOT,"%d joined, 1 bot"
LOBBY_TEAM_TAG,%s TEAM
LOBBY_STARTING,Get ready!
LOBBY_NOT_READY_ONE,1 player not ready yet
LOBBY_NOT_READY_N,%d players not ready yet
LOBBY_ENTER_OR_START,Enter or Start
LOBBY_SCAN_TITLE,Scan to join
LOBBY_ROOM_CODE_TITLE,Room code
LOBBY_SOLO_TITLE,Solo practice
LOBBY_ROOM_CODE_NOTE,"Friends open Pickfight, pick Online, then Join a game"
LOBBY_SOLO_NOTE,Just you and the bots on this computer. No room code and nothing online.
LOBBY_MODE_TITLE,Mode
LOBBY_HOST_TITLE,Host
LOBBY_ROW_FIRST_TO,First to
LOBBY_ROW_LIVES,Lives
LOBBY_ROW_GOALS,Goals to win
LOBBY_ROW_CAPTURES,Captures to win
LOBBY_ROW_BOTS,Bots
LOBBY_ROW_TEAMS,Teams
LOBBY_ON,On
LOBBY_OFF,Off
LOBBY_STATUS_FIRST_TO,first to %d
LOBBY_STATUS_LIVES,%d lives
LOBBY_STATUS_GOALS,%d goals
LOBBY_STATUS_CAPTURES,%d captures
LOBBY_HELP_FIRST_TO,First to %d rounds takes the match.
MODE_CLASSIC_BLURB,Last one standing
MODE_KING_OF_THE_HILL_BLURB,Hold the hill alone
MODE_HOT_POTATO_BLURB,Pass the tag
MODE_SUDDEN_DEATH_BLURB,"One hit, you are out"
MODE_STOCK_BLURB,Last one with lives left
MODE_SOCCER_BLURB,Teams: score goals
MODE_CAPTURE_THE_FLAG_BLURB,Teams: steal their flag
PICKER_LIVE_NOTE,"In the game this is the real character, live"
PICKER_TAKEN_NOTE,Greyed colours are taken by other players
PICKER_DONE,Done
TITLE_FOOTER,"Click, press a key, or D-pad + A"
CAREER_LINE,Matches %d · Wins %d · KOs %d
CAREER_MATCHES,Matches played: %d
CAREER_MATCH_WINS,Match wins: %d
CAREER_ROUND_WINS,Round wins: %d
CAREER_KOS,KOs: %d
CAREER_SELF_KOS,Self-KOs: %d
CAREER_FAVOURITE,Favourite weapon: %s
