format,weapon,stage,rounds,score,win_rate
1v1,axe,Battlefield,3,1.0,0.3333
1v1,axe,Bowl,4,4.0,1.0000
1v1,axe,Bulwark,6,4.0,0.6667
1v1,axe,Carousel,1,1.0,1.0000
1v1,axe,Cascade,5,5.0,1.0000
1v1,axe,Erosion,4,4.0,1.0000
1v1,axe,Ferry,2,2.0,1.0000
1v1,axe,FinalDestination,3,1.0,0.3333
1v1,axe,Flatlands,32,15.0,0.4688
1v1,axe,Footbridge,3,3.0,1.0000
1v1,axe,Furnace,6,2.0,0.3333
1v1,axe,Gale,2,2.0,1.0000
1v1,axe,Gantry,5,4.0,0.8000
1v1,axe,Gauntlet,4,3.0,0.7500
1v1,axe,Highrise,7,4.0,0.5714
1v1,axe,Islands,5,4.0,0.8000
1v1,axe,Mesa,3,2.0,0.6667
1v1,axe,Mill,8,7.0,0.8750
1v1,axe,Pillars,11,8.0,0.7273
1v1,axe,Pocket,6,5.0,0.8333
1v1,axe,Quarry,2,1.0,0.5000
1v1,axe,Reactor,3,3.0,1.0000
1v1,axe,Relay,2,1.0,0.5000
1v1,axe,Rockfall,2,2.0,1.0000
1v1,axe,Roundabout,1,0.0,0.0000
1v1,axe,Sinkhole,4,4.0,1.0000
1v1,axe,Slant,2,2.0,1.0000
1v1,axe,Springboard,6,4.0,0.6667
1v1,axe,Summit,1,1.0,1.0000
1v1,axe,Updraft,3,2.0,0.6667
1v1,axe,Vent,4,4.0,1.0000
1v1,boomerang,Battlefield,2,0.0,0.0000
1v1,boomerang,Bowl,6,3.0,0.5000
1v1,boomerang,Bulwark,3,1.0,0.3333
1v1,boomerang,Carousel,6,2.0,0.3333
1v1,boomerang,Cascade,2,2.0,1.0000
1v1,boomerang,Erosion,4,1.0,0.2500
1v1,boomerang,Ferry,6,1.0,0.1667
1v1,boomerang,FinalDestination,6,2.0,0.3333
1v1,boomerang,Flatlands,35,13.0,0.3714
1v1,boomerang,Footbridge,3,0.0,0.0000
1v1,boomerang,Furnace,3,2.0,0.6667
1v1,boomerang,Gale,7,3.0,0.4286
1v1,boomerang,Gantry,6,1.0,0.1667
1v1,boomerang,Gauntlet,4,0.0,0.0000
1v1,boomerang,Highrise,5,1.0,0.2000
1v1,boomerang,Islands,4,1.0,0.2500
1v1,boomerang,Mesa,1,0.5,0.5000
1v1,boomerang,Mill,4,1.0,0.2500
1v1,boomerang,Pillars,2,0.0,0.0000
1v1,boomerang,Pocket,6,1.0,0.1667
1v1,boomerang,Quarry,3,0.0,0.0000
1v1,boomerang,Reactor,3,0.0,0.0000
1v1,boomerang,Relay,1,0.0,0.0000
1v1,boomerang,Rockfall,6,2.0,0.3333
1v1,boomerang,Sinkhole,2,1.0,0.5000
1v1,boomerang,Slant,7,5.0,0.7143
1v1,boomerang,Springboard,5,1.0,0.2000
1v1,boomerang,Summit,2,0.0,0.0000
1v1,boomerang,Updraft,5,2.0,0.4000
1v1,boomerang,Vent,1,1.0,1.0000
1v1,boomstick,Battlefield,4,1.0,0.2500
1v1,boomstick,Bowl,5,3.0,0.6000
1v1,boomstick,Bulwark,3,2.0,0.6667
1v1,boomstick,Carousel,4,0.0,0.0000
1v1,boomstick,Cascade,4,0.0,0.0000
1v1,boomstick,Erosion,3,2.0,0.6667
1v1,boomstick,Ferry,1,1.0,1.0000
1v1,boomstick,FinalDestination,1,0.0,0.0000
1v1,boomstick,Flatlands,33,16.0,0.4848
1v1,boomstick,Footbridge,5,5.0,1.0000
1v1,boomstick,Furnace,4,2.0,0.5000
1v1,boomstick,Gale,6,3.0,0.5000
1v1,boomstick,Gantry,6,5.0,0.8333
1v1,boomstick,Gauntlet,6,6.0,1.0000
1v1,boomstick,Highrise,5,2.0,0.4000
1v1,boomstick,Islands,5,4.0,0.8000
1v1,boomstick,Mesa,1,0.0,0.0000
1v1,boomstick,Mill,8,8.0,1.0000
1v1,boomstick,Pillars,7,4.0,0.5714
1v1,boomstick,Quarry,3,3.0,1.0000
1v1,boomstick,Reactor,8,7.0,0.8750
1v1,boomstick,Rockfall,3,0.0,0.0000
1v1,boomstick,Roundabout,1,0.0,0.0000
1v1,boomstick,Sinkhole,2,1.0,0.5000
1v1,boomstick,Slant,4,2.0,0.5000
1v1,boomstick,Springboard,7,6.0,0.8571
1v1,boomstick,Summit,1,0.0,0.0000
1v1,boomstick,Updraft,7,0.0,0.0000
1v1,boomstick,Vent,3,2.0,0.6667
1v1,dagger,Battlefield,6,6.0,1.0000
1v1,dagger,Bowl,1,0.0,0.0000
1v1,dagger,Bulwark,3,2.0,0.6667
1v1,dagger,Carousel,2,1.0,0.5000
1v1,dagger,Cascade,5,3.0,0.6000
1v1,dagger,Erosion,6,2.0,0.3333
1v1,dagger,Ferry,3,1.0,0.3333
1v1,dagger,FinalDestination,6,3.0,0.5000
1v1,dagger,Flatlands,34,31.0,0.9118
1v1,dagger,Footbridge,6,3.0,0.5000
1v1,dagger,Furnace,5,5.0,1.0000
1v1,dagger,Gale,5,3.0,0.6000
1v1,dagger,Gantry,6,3.0,0.5000
1v1,dagger,Gauntlet,6,2.0,0.3333
1v1,dagger,Highrise,5,3.0,0.6000
1v1,dagger,Islands,2,0.0,0.0000
1v1,dagger,Mesa,3,1.0,0.3333
1v1,dagger,Mill,4,2.0,0.5000
1v1,dagger,Pillars,4,1.0,0.2500
1v1,dagger,Pocket,6,4.0,0.6667
1v1,dagger,Quarry,4,3.0,0.7500
1v1,dagger,Reactor,2,0.0,0.0000
1v1,dagger,Relay,1,1.0,1.0000
1v1,dagger,Rockfall,4,3.0,0.7500
1v1,dagger,Roundabout,3,2.0,0.6667
1v1,dagger,Sinkhole,3,1.0,0.3333
1v1,dagger,Slant,3,1.0,0.3333
1v1,dagger,Springboard,3,1.0,0.3333
1v1,dagger,Summit,1,1.0,1.0000
1v1,dagger,Updraft,7,4.0,0.5714
1v1,dagger,Vent,1,0.0,0.0000
1v1,fishing_rod,Battlefield,7,1.0,0.1429
1v1,fishing_rod,Bowl,3,0.0,0.0000
1v1,fishing_rod,Bulwark,2,0.0,0.0000
1v1,fishing_rod,Cascade,5,2.0,0.4000
1v1,fishing_rod,Erosion,4,3.0,0.7500
1v1,fishing_rod,Ferry,4,0.0,0.0000
1v1,fishing_rod,FinalDestination,4,0.0,0.0000
1v1,fishing_rod,Flatlands,31,5.5,0.1774
1v1,fishing_rod,Footbridge,2,0.0,0.0000
1v1,fishing_rod,Furnace,4,1.0,0.2500
1v1,fishing_rod,Gale,8,3.0,0.3750
1v1,fishing_rod,Gantry,4,1.0,0.2500
1v1,fishing_rod,Gauntlet,4,2.0,0.5000
1v1,fishing_rod,Highrise,2,1.0,0.5000
1v1,fishing_rod,Islands,6,1.0,0.1667
1v1,fishing_rod,Mesa,2,1.0,0.5000
1v1,fishing_rod,Mill,3,2.0,0.6667
1v1,fishing_rod,Pillars,5,1.0,0.2000
1v1,fishing_rod,Pocket,5,2.0,0.4000
1v1,fishing_rod,Quarry,4,0.0,0.0000
1v1,fishing_rod,Reactor,3,1.0,0.3333
1v1,fishing_rod,Relay,2,0.0,0.0000
1v1,fishing_rod,Rockfall,6,1.0,0.1667
1v1,fishing_rod,Roundabout,1,0.0,0.0000
1v1,fishing_rod,Sinkhole,5,2.0,0.4000
1v1,fishing_rod,Slant,6,0.0,0.0000
1v1,fishing_rod,Springboard,7,2.0,0.2857
1v1,fishing_rod,Updraft,7,1.0,0.1429
1v1,fishing_rod,Vent,4,2.0,0.5000
1v1,flail,Battlefield,3,3.0,1.0000
1v1,flail,Bowl,8,0.0,0.0000
1v1,flail,Bulwark,3,1.0,0.3333
1v1,flail,Carousel,4,2.0,0.5000
1v1,flail,Cascade,7,4.0,0.5714
1v1,flail,Erosion,5,3.0,0.6000
1v1,flail,Ferry,5,1.0,0.2000
1v1,flail,FinalDestination,8,6.0,0.7500
1v1,flail,Flatlands,33,19.0,0.5758
1v1,flail,Footbridge,5,1.0,0.2000
1v1,flail,Furnace,3,3.0,1.0000
1v1,flail,Gale,4,1.0,0.2500
1v1,flail,Gantry,5,0.0,0.0000
1v1,flail,Gauntlet,3,2.0,0.6667
1v1,flail,Highrise,1,0.0,0.0000
1v1,flail,Islands,3,1.0,0.3333
1v1,flail,Mill,6,0.0,0.0000
1v1,flail,Pillars,4,1.0,0.2500
1v1,flail,Pocket,5,1.0,0.2000
1v1,flail,Quarry,4,1.0,0.2500
1v1,flail,Reactor,5,0.0,0.0000
1v1,flail,Relay,2,0.0,0.0000
1v1,flail,Rockfall,3,2.0,0.6667
1v1,flail,Roundabout,1,0.0,0.0000
1v1,flail,Sinkhole,6,1.0,0.1667
1v1,flail,Slant,4,2.0,0.5000
1v1,flail,Springboard,2,0.0,0.0000
1v1,flail,Updraft,4,3.0,0.7500
1v1,flail,Vent,4,1.0,0.2500
1v1,grapple,Battlefield,4,1.0,0.2500
1v1,grapple,Bowl,6,6.0,1.0000
1v1,grapple,Bulwark,5,0.0,0.0000
1v1,grapple,Carousel,3,1.0,0.3333
1v1,grapple,Cascade,4,2.0,0.5000
1v1,grapple,Erosion,8,2.0,0.2500
1v1,grapple,Ferry,3,1.0,0.3333
1v1,grapple,FinalDestination,4,2.0,0.5000
1v1,grapple,Flatlands,31,6.5,0.2097
1v1,grapple,Footbridge,4,1.0,0.2500
1v1,grapple,Furnace,7,0.0,0.0000
1v1,grapple,Gale,6,3.0,0.5000
1v1,grapple,Gantry,4,1.0,0.2500
1v1,grapple,Gauntlet,2,2.0,1.0000
1v1,grapple,Highrise,3,1.0,0.3333
1v1,grapple,Islands,8,3.0,0.3750
1v1,grapple,Mill,1,1.0,1.0000
1v1,grapple,Pillars,5,2.0,0.4000
1v1,grapple,Pocket,4,2.0,0.5000
1v1,grapple,Quarry,8,2.0,0.2500
1v1,grapple,Reactor,4,2.0,0.5000
1v1,grapple,Relay,1,0.0,0.0000
1v1,grapple,Rockfall,3,2.0,0.6667
1v1,grapple,Sinkhole,3,1.0,0.3333
1v1,grapple,Slant,5,4.0,0.8000
1v1,grapple,Springboard,5,2.0,0.4000
1v1,grapple,Summit,1,0.0,0.0000
1v1,grapple,Updraft,5,1.5,0.3000
1v1,grapple,Vent,3,2.0,0.6667
1v1,magnet,Battlefield,4,1.0,0.2500
1v1,magnet,Bowl,8,2.0,0.2500
1v1,magnet,Bulwark,5,3.0,0.6000
1v1,magnet,Carousel,2,0.0,0.0000
1v1,magnet,Cascade,6,2.0,0.3333
1v1,magnet,Erosion,5,0.0,0.0000
1v1,magnet,Ferry,5,2.0,0.4000
1v1,magnet,FinalDestination,5,2.0,0.4000
1v1,magnet,Flatlands,35,8.0,0.2286
1v1,magnet,Footbridge,6,2.0,0.3333
1v1,magnet,Furnace,3,1.0,0.3333
1v1,magnet,Gale,2,0.0,0.0000
1v1,magnet,Gantry,1,1.0,1.0000
1v1,magnet,Gauntlet,7,2.0,0.2857
1v1,magnet,Highrise,2,1.0,0.5000
1v1,magnet,Islands,6,4.0,0.6667
1v1,magnet,Mill,3,1.0,0.3333
1v1,magnet,Pillars,3,1.0,0.3333
1v1,magnet,Pocket,3,0.0,0.0000
1v1,magnet,Quarry,2,0.0,0.0000
1v1,magnet,Reactor,5,4.0,0.8000
1v1,magnet,Relay,2,1.0,0.5000
1v1,magnet,Rockfall,7,2.0,0.2857
1v1,magnet,Roundabout,3,3.0,1.0000
1v1,magnet,Sinkhole,4,1.0,0.2500
1v1,magnet,Slant,1,0.0,0.0000
1v1,magnet,Springboard,5,1.0,0.2000
1v1,magnet,Summit,2,2.0,1.0000
1v1,magnet,Updraft,3,1.0,0.3333
1v1,magnet,Vent,5,2.0,0.4000
1v1,pickaxe,Battlefield,3,2.0,0.6667
1v1,pickaxe,Bowl,8,3.0,0.3750
1v1,pickaxe,Bulwark,2,1.0,0.5000
1v1,pickaxe,Carousel,2,2.0,1.0000
1v1,pickaxe,Cascade,6,5.0,0.8333
1v1,pickaxe,Erosion,5,3.0,0.6000
1v1,pickaxe,Ferry,6,5.0,0.8333
1v1,pickaxe,FinalDestination,7,7.0,1.0000
1v1,pickaxe,Flatlands,32,25.0,0.7812
1v1,pickaxe,Footbridge,5,2.0,0.4000
1v1,pickaxe,Furnace,2,2.0,1.0000
1v1,pickaxe,Gale,2,2.0,1.0000
1v1,pickaxe,Gantry,5,3.0,0.6000
1v1,pickaxe,Gauntlet,3,2.0,0.6667
1v1,pickaxe,Highrise,8,6.0,0.7500
1v1,pickaxe,Islands,5,3.0,0.6000
1v1,pickaxe,Mesa,1,0.5,0.5000
1v1,pickaxe,Mill,4,1.0,0.2500
1v1,pickaxe,Pillars,2,2.0,1.0000
1v1,pickaxe,Pocket,4,1.0,0.2500
1v1,pickaxe,Quarry,2,2.0,1.0000
1v1,pickaxe,Reactor,6,3.0,0.5000
1v1,pickaxe,Relay,2,2.0,1.0000
1v1,pickaxe,Rockfall,4,3.0,0.7500
1v1,pickaxe,Roundabout,3,3.0,1.0000
1v1,pickaxe,Sinkhole,5,3.0,0.6000
1v1,pickaxe,Slant,3,1.0,0.3333
1v1,pickaxe,Springboard,4,2.0,0.5000
1v1,pickaxe,Summit,1,0.0,0.0000
1v1,pickaxe,Updraft,4,3.0,0.7500
1v1,pickaxe,Vent,4,2.0,0.5000
1v1,plunger,Battlefield,2,0.0,0.0000
1v1,plunger,Bowl,3,2.0,0.6667
1v1,plunger,Bulwark,7,3.0,0.4286
1v1,plunger,Carousel,7,6.0,0.8571
1v1,plunger,Cascade,3,2.0,0.6667
1v1,plunger,Erosion,9,7.0,0.7778
1v1,plunger,Ferry,1,0.0,0.0000
1v1,plunger,FinalDestination,6,0.0,0.0000
1v1,plunger,Flatlands,31,1.0,0.0323
1v1,plunger,Footbridge,5,1.0,0.2000
1v1,plunger,Furnace,1,0.0,0.0000
1v1,plunger,Gale,6,4.0,0.6667
1v1,plunger,Gantry,5,2.0,0.4000
1v1,plunger,Gauntlet,5,0.0,0.0000
1v1,plunger,Highrise,2,0.0,0.0000
1v1,plunger,Islands,3,0.0,0.0000
1v1,plunger,Mill,5,1.0,0.2000
1v1,plunger,Pillars,4,4.0,1.0000
1v1,plunger,Pocket,4,3.0,0.7500
1v1,plunger,Quarry,7,2.0,0.2857
1v1,plunger,Reactor,3,1.0,0.3333
1v1,plunger,Relay,1,0.0,0.0000
1v1,plunger,Rockfall,4,3.0,0.7500
1v1,plunger,Roundabout,3,2.0,0.6667
1v1,plunger,Sinkhole,5,3.0,0.6000
1v1,plunger,Slant,5,4.0,0.8000
1v1,plunger,Springboard,3,2.0,0.6667
1v1,plunger,Summit,1,0.0,0.0000
1v1,plunger,Updraft,5,1.5,0.3000
1v1,plunger,Vent,4,2.0,0.5000
1v1,pogo,Battlefield,5,2.0,0.4000
1v1,pogo,Bowl,4,4.0,1.0000
1v1,pogo,Bulwark,5,5.0,1.0000
1v1,pogo,Carousel,4,2.0,0.5000
1v1,pogo,Cascade,6,4.0,0.6667
1v1,pogo,Erosion,5,3.0,0.6000
1v1,pogo,Ferry,8,7.0,0.8750
1v1,pogo,FinalDestination,5,4.0,0.8000
1v1,pogo,Flatlands,31,21.0,0.6774
1v1,pogo,Footbridge,4,2.0,0.5000
1v1,pogo,Furnace,5,4.0,0.8000
1v1,pogo,Gale,7,4.0,0.5714
1v1,pogo,Gantry,4,2.0,0.5000
1v1,pogo,Gauntlet,5,4.0,0.8000
1v1,pogo,Highrise,2,1.0,0.5000
1v1,pogo,Islands,5,4.0,0.8000
1v1,pogo,Mesa,1,1.0,1.0000
1v1,pogo,Mill,1,1.0,1.0000
1v1,pogo,Pillars,4,1.0,0.2500
1v1,pogo,Pocket,5,2.0,0.4000
1v1,pogo,Quarry,7,4.0,0.5714
1v1,pogo,Reactor,1,0.0,0.0000
1v1,pogo,Rockfall,2,2.0,1.0000
1v1,pogo,Roundabout,1,1.0,1.0000
1v1,pogo,Sinkhole,5,5.0,1.0000
1v1,pogo,Slant,6,4.0,0.6667
1v1,pogo,Springboard,5,3.0,0.6000
1v1,pogo,Summit,1,1.0,1.0000
1v1,pogo,Updraft,3,2.0,0.6667
1v1,pogo,Vent,3,1.0,0.3333
1v1,shield,Battlefield,5,2.0,0.4000
1v1,shield,Bowl,4,2.0,0.5000
1v1,shield,Bulwark,6,3.0,0.5000
1v1,shield,Carousel,8,6.0,0.7500
1v1,shield,Cascade,3,1.0,0.3333
1v1,shield,Erosion,3,3.0,1.0000
1v1,shield,Ferry,4,4.0,1.0000
1v1,shield,FinalDestination,11,6.0,0.5455
1v1,shield,Flatlands,33,18.0,0.5455
1v1,shield,Footbridge,5,3.0,0.6000
1v1,shield,Furnace,2,2.0,1.0000
1v1,shield,Gale,4,2.0,0.5000
1v1,shield,Gantry,4,2.0,0.5000
1v1,shield,Gauntlet,7,4.0,0.5714
1v1,shield,Highrise,2,1.0,0.5000
1v1,shield,Islands,1,1.0,1.0000
1v1,shield,Mesa,3,1.0,0.3333
1v1,shield,Mill,5,1.0,0.2000
1v1,shield,Pillars,4,0.0,0.0000
1v1,shield,Pocket,6,4.0,0.6667
1v1,shield,Quarry,7,5.0,0.7143
1v1,shield,Reactor,5,5.0,1.0000
1v1,shield,Relay,1,1.0,1.0000
1v1,shield,Rockfall,3,2.0,0.6667
1v1,shield,Roundabout,1,1.0,1.0000
1v1,shield,Sinkhole,2,2.0,1.0000
1v1,shield,Slant,4,3.0,0.7500
1v1,shield,Springboard,3,0.0,0.0000
1v1,shield,Updraft,4,4.0,1.0000
1v1,spear,Battlefield,5,5.0,1.0000
1v1,spear,Bowl,4,1.0,0.2500
1v1,spear,Bulwark,3,0.0,0.0000
1v1,spear,Carousel,3,1.0,0.3333
1v1,spear,Cascade,5,2.0,0.4000
1v1,spear,Erosion,3,1.0,0.3333
1v1,spear,Ferry,4,3.0,0.7500
1v1,spear,FinalDestination,6,3.0,0.5000
1v1,spear,Flatlands,33,27.0,0.8182
1v1,spear,Footbridge,3,2.0,0.6667
1v1,spear,Furnace,2,0.0,0.0000
1v1,spear,Gale,5,1.0,0.2000
1v1,spear,Gantry,8,3.0,0.3750
1v1,spear,Gauntlet,6,1.0,0.1667
1v1,spear,Highrise,3,2.0,0.6667
1v1,spear,Islands,4,3.0,0.7500
1v1,spear,Mill,5,3.0,0.6000
1v1,spear,Pillars,3,2.0,0.6667
1v1,spear,Pocket,9,7.0,0.7778
1v1,spear,Quarry,4,1.0,0.2500
1v1,spear,Reactor,7,3.0,0.4286
1v1,spear,Relay,1,0.0,0.0000
1v1,spear,Rockfall,4,1.0,0.2500
1v1,spear,Roundabout,1,0.0,0.0000
1v1,spear,Sinkhole,3,2.0,0.6667
1v1,spear,Slant,5,0.0,0.0000
1v1,spear,Springboard,5,5.0,1.0000
1v1,spear,Updraft,3,2.0,0.6667
1v1,spear,Vent,3,1.0,0.3333
1v1,staff,Battlefield,2,2.0,1.0000
1v1,staff,Bowl,1,0.0,0.0000
1v1,staff,Bulwark,6,3.0,0.5000
1v1,staff,Carousel,9,3.0,0.3333
1v1,staff,Cascade,7,3.0,0.4286
1v1,staff,Erosion,7,3.0,0.4286
1v1,staff,Ferry,3,1.0,0.3333
1v1,staff,FinalDestination,2,2.0,1.0000
1v1,staff,Flatlands,32,21.0,0.6562
1v1,staff,Footbridge,2,0.0,0.0000
1v1,staff,Furnace,7,4.0,0.5714
1v1,staff,Gale,4,1.0,0.2500
1v1,staff,Gantry,4,0.0,0.0000
1v1,staff,Gauntlet,3,1.0,0.3333
1v1,staff,Highrise,3,0.0,0.0000
1v1,staff,Islands,5,3.0,0.6000
1v1,staff,Mesa,1,1.0,1.0000
1v1,staff,Mill,4,0.0,0.0000
1v1,staff,Pillars,3,2.0,0.6667
1v1,staff,Pocket,5,2.0,0.4000
1v1,staff,Quarry,2,1.0,0.5000
1v1,staff,Reactor,2,0.0,0.0000
1v1,staff,Relay,3,3.0,1.0000
1v1,staff,Rockfall,4,0.0,0.0000
1v1,staff,Roundabout,4,1.0,0.2500
1v1,staff,Sinkhole,6,1.0,0.1667
1v1,staff,Slant,3,2.0,0.6667
1v1,staff,Springboard,7,1.0,0.1429
1v1,staff,Summit,1,0.0,0.0000
1v1,staff,Updraft,4,2.0,0.5000
1v1,staff,Vent,4,1.0,0.2500
1v1,sword,Battlefield,2,1.0,0.5000
1v1,sword,Bowl,4,2.0,0.5000
1v1,sword,Bulwark,3,2.0,0.6667
1v1,sword,Carousel,2,2.0,1.0000
1v1,sword,Cascade,7,2.0,0.2857
1v1,sword,Erosion,5,3.0,0.6000
1v1,sword,Ferry,5,1.0,0.2000
1v1,sword,FinalDestination,4,0.0,0.0000
1v1,sword,Flatlands,32,15.0,0.4688
1v1,sword,Footbridge,7,5.0,0.7143
1v1,sword,Furnace,4,1.0,0.2500
1v1,sword,Gale,10,7.0,0.7000
1v1,sword,Gantry,4,3.0,0.7500
1v1,sword,Gauntlet,5,4.0,0.8000
1v1,sword,Highrise,7,4.0,0.5714
1v1,sword,Islands,7,2.0,0.2857
1v1,sword,Mill,5,2.0,0.4000
1v1,sword,Pillars,2,2.0,1.0000
1v1,sword,Pocket,3,3.0,1.0000
1v1,sword,Quarry,3,3.0,1.0000
1v1,sword,Reactor,3,0.0,0.0000
1v1,sword,Relay,1,1.0,1.0000
1v1,sword,Rockfall,1,1.0,1.0000
1v1,sword,Sinkhole,7,4.0,0.5714
1v1,sword,Slant,5,4.0,0.8000
1v1,sword,Springboard,5,5.0,1.0000
1v1,sword,Updraft,5,3.0,0.6000
1v1,sword,Vent,2,2.0,1.0000
1v1,umbrella,Battlefield,3,2.0,0.6667
1v1,umbrella,Bowl,7,6.0,0.8571
1v1,umbrella,Bulwark,2,2.0,1.0000
1v1,umbrella,Carousel,1,0.0,0.0000
1v1,umbrella,Cascade,5,1.0,0.2000
1v1,umbrella,Erosion,4,0.0,0.0000
1v1,umbrella,Ferry,4,2.0,0.5000
1v1,umbrella,FinalDestination,4,3.0,0.7500
1v1,umbrella,Flatlands,34,19.0,0.5588
1v1,umbrella,Footbridge,5,5.0,1.0000
1v1,umbrella,Furnace,6,3.0,0.5000
1v1,umbrella,Gantry,9,9.0,1.0000
1v1,umbrella,Gauntlet,4,2.0,0.5000
1v1,umbrella,Highrise,5,4.0,0.8000
1v1,umbrella,Islands,5,3.0,0.6000
1v1,umbrella,Mill,4,4.0,1.0000
1v1,umbrella,Pillars,3,2.0,0.6667
1v1,umbrella,Pocket,3,0.0,0.0000
1v1,umbrella,Quarry,6,6.0,1.0000
1v1,umbrella,Reactor,4,3.0,0.7500
1v1,umbrella,Rockfall,4,4.0,1.0000
1v1,umbrella,Roundabout,3,0.0,0.0000
1v1,umbrella,Sinkhole,6,2.0,0.3333
1v1,umbrella,Slant,5,0.0,0.0000
1v1,umbrella,Springboard,4,3.0,0.7500
1v1,umbrella,Summit,2,2.0,1.0000
1v1,umbrella,Updraft,5,5.0,1.0000
1v1,umbrella,Vent,3,1.0,0.3333
ffa4,axe,@Node2D@193,1,0.0,0.0000
ffa4,axe,@Node2D@207,2,0.0,0.0000
ffa4,axe,Battlefield,2,0.0,0.0000
ffa4,axe,Bowl,4,1.0,0.2500
ffa4,axe,Bulwark,4,2.0,0.5000
ffa4,axe,Carousel,3,1.0,0.3333
ffa4,axe,Cascade,4,2.0,0.5000
ffa4,axe,Erosion,2,0.0,0.0000
ffa4,axe,Ferry,2,1.0,0.5000
ffa4,axe,FinalDestination,2,0.0,0.0000
ffa4,axe,Flatlands,23,6.0,0.2609
ffa4,axe,Furnace,2,0.0,0.0000
ffa4,axe,Gale,6,1.0,0.1667
ffa4,axe,Gantry,3,2.0,0.6667
ffa4,axe,Gauntlet,3,2.0,0.6667
ffa4,axe,Highrise,3,1.0,0.3333
ffa4,axe,Islands,4,4.0,1.0000
ffa4,axe,Mesa,1,1.0,1.0000
ffa4,axe,Mill,2,0.0,0.0000
ffa4,axe,Pillars,4,3.0,0.7500
ffa4,axe,Pocket,3,0.0,0.0000
ffa4,axe,Quarry,7,4.0,0.5714
ffa4,axe,Reactor,1,1.0,1.0000
ffa4,axe,Relay,1,1.0,1.0000
ffa4,axe,Rockfall,5,2.0,0.4000
ffa4,axe,Sinkhole,2,2.0,1.0000
ffa4,axe,Slant,2,1.0,0.5000
ffa4,axe,Springboard,1,0.0,0.0000
ffa4,axe,Summit,1,0.0,0.0000
ffa4,axe,Vent,3,2.0,0.6667
ffa4,boomerang,Battlefield,4,0.0,0.0000
ffa4,boomerang,Bowl,1,0.0,0.0000
ffa4,boomerang,Bulwark,3,0.0,0.0000
ffa4,boomerang,Carousel,2,0.0,0.0000
ffa4,boomerang,Erosion,3,1.0,0.3333
ffa4,boomerang,Ferry,2,0.0,0.0000
ffa4,boomerang,FinalDestination,3,0.0,0.0000
ffa4,boomerang,Flatlands,27,4.0,0.1481
ffa4,boomerang,Footbridge,2,0.0,0.0000
ffa4,boomerang,Furnace,2,0.0,0.0000
ffa4,boomerang,Gale,3,2.0,0.6667
ffa4,boomerang,Gantry,2,0.0,0.0000
ffa4,boomerang,Gauntlet,5,0.0,0.0000
ffa4,boomerang,Highrise,1,0.0,0.0000
ffa4,boomerang,Islands,4,2.0,0.5000
ffa4,boomerang,Mesa,2,0.0,0.0000
ffa4,boomerang,Mill,6,0.0,0.0000
ffa4,boomerang,Pillars,3,0.0,0.0000
ffa4,boomerang,Pocket,4,1.0,0.2500
ffa4,boomerang,Quarry,5,1.0,0.2000
ffa4,boomerang,Reactor,2,0.0,0.0000
ffa4,boomerang,Relay,3,1.0,0.3333
ffa4,boomerang,Rockfall,4,0.0,0.0000
ffa4,boomerang,Roundabout,1,0.0,0.0000
ffa4,boomerang,Sinkhole,3,0.0,0.0000
ffa4,boomerang,Slant,2,0.0,0.0000
ffa4,boomerang,Springboard,2,0.0,0.0000
ffa4,boomerang,Summit,1,0.0,0.0000
ffa4,boomerang,Updraft,4,1.0,0.2500
ffa4,boomstick,@Node2D@204,1,0.0,0.0000
ffa4,boomstick,Battlefield,1,0.0,0.0000
ffa4,boomstick,Bowl,1,0.0,0.0000
ffa4,boomstick,Bulwark,3,1.0,0.3333
ffa4,boomstick,Carousel,5,1.0,0.2000
ffa4,boomstick,Cascade,6,2.0,0.3333
ffa4,boomstick,Erosion,2,0.0,0.0000
ffa4,boomstick,Ferry,2,0.0,0.0000
ffa4,boomstick,FinalDestination,1,0.0,0.0000
ffa4,boomstick,Flatlands,22,7.0,0.3182
ffa4,boomstick,Footbridge,2,1.0,0.5000
ffa4,boomstick,Furnace,3,1.0,0.3333
ffa4,boomstick,Gale,4,3.0,0.7500
ffa4,boomstick,Gantry,3,1.0,0.3333
ffa4,boomstick,Gauntlet,4,1.0,0.2500
ffa4,boomstick,Highrise,2,0.0,0.0000
ffa4,boomstick,Islands,5,0.0,0.0000
ffa4,boomstick,Mill,1,0.0,0.0000
ffa4,boomstick,Pillars,4,1.0,0.2500
ffa4,boomstick,Pocket,2,0.0,0.0000
ffa4,boomstick,Quarry,4,1.0,0.2500
ffa4,boomstick,Reactor,4,1.0,0.2500
ffa4,boomstick,Rockfall,1,1.0,1.0000
ffa4,boomstick,Sinkhole,4,1.0,0.2500
ffa4,boomstick,Slant,3,0.0,0.0000
ffa4,boomstick,Springboard,3,0.0,0.0000
ffa4,boomstick,Summit,2,0.0,0.0000
ffa4,boomstick,Updraft,3,0.0,0.0000
ffa4,boomstick,Vent,3,0.0,0.0000
ffa4,dagger,@Node2D@204,1,0.0,0.0000
ffa4,dagger,@Node2D@207,1,0.0,0.0000
ffa4,dagger,Battlefield,1,1.0,1.0000
ffa4,dagger,Bowl,5,0.0,0.0000
ffa4,dagger,Bulwark,3,1.0,0.3333
ffa4,dagger,Carousel,4,0.0,0.0000
ffa4,dagger,Cascade,4,0.0,0.0000
ffa4,dagger,Erosion,1,0.0,0.0000
ffa4,dagger,Ferry,3,0.0,0.0000
ffa4,dagger,FinalDestination,2,1.0,0.5000
ffa4,dagger,Flatlands,27,5.0,0.1852
ffa4,dagger,Footbridge,5,0.0,0.0000
ffa4,dagger,Furnace,2,2.0,1.0000
ffa4,dagger,Gale,2,1.0,0.5000
ffa4,dagger,Gantry,3,0.0,0.0000
ffa4,dagger,Gauntlet,2,1.0,0.5000
ffa4,dagger,Highrise,1,1.0,1.0000
ffa4,dagger,Islands,2,0.0,0.0000
ffa4,dagger,Mesa,1,0.0,0.0000
ffa4,dagger,Mill,2,1.0,0.5000
ffa4,dagger,Pillars,3,1.0,0.3333
ffa4,dagger,Pocket,6,3.0,0.5000
ffa4,dagger,Quarry,6,0.0,0.0000
ffa4,dagger,Reactor,2,0.0,0.0000
ffa4,dagger,Relay,1,0.0,0.0000
ffa4,dagger,Rockfall,5,3.0,0.6000
ffa4,dagger,Roundabout,2,1.0,0.5000
ffa4,dagger,Sinkhole,5,1.0,0.2000
ffa4,dagger,Slant,1,0.0,0.0000
ffa4,dagger,Springboard,1,0.0,0.0000
ffa4,dagger,Summit,1,0.0,0.0000
ffa4,dagger,Updraft,4,1.0,0.2500
ffa4,dagger,Vent,4,1.0,0.2500
ffa4,fishing_rod,Battlefield,2,1.0,0.5000
ffa4,fishing_rod,Bowl,3,0.0,0.0000
ffa4,fishing_rod,Bulwark,5,0.0,0.0000
ffa4,fishing_rod,Carousel,4,0.0,0.0000
ffa4,fishing_rod,Cascade,4,0.0,0.0000
ffa4,fishing_rod,Erosion,6,2.0,0.3333
ffa4,fishing_rod,Ferry,2,1.0,0.5000
ffa4,fishing_rod,FinalDestination,5,1.0,0.2000
ffa4,fishing_rod,Flatlands,27,0.0,0.0000
ffa4,fishing_rod,Footbridge,1,0.0,0.0000
ffa4,fishing_rod,Furnace,3,0.0,0.0000
ffa4,fishing_rod,Gale,1,0.0,0.0000
ffa4,fishing_rod,Gantry,3,0.0,0.0000
ffa4,fishing_rod,Gauntlet,4,1.0,0.2500
ffa4,fishing_rod,Highrise,3,0.0,0.0000
ffa4,fishing_rod,Islands,4,0.0,0.0000
ffa4,fishing_rod,Mesa,2,1.0,0.5000
ffa4,fishing_rod,Mill,4,0.0,0.0000
ffa4,fishing_rod,Pillars,3,2.0,0.6667
ffa4,fishing_rod,Pocket,2,1.0,0.5000
ffa4,fishing_rod,Quarry,6,1.0,0.1667
ffa4,fishing_rod,Reactor,3,0.0,0.0000
ffa4,fishing_rod,Rockfall,2,1.0,0.5000
ffa4,fishing_rod,Roundabout,1,0.0,0.0000
ffa4,fishing_rod,Sinkhole,3,1.0,0.3333
ffa4,fishing_rod,Slant,1,0.0,0.0000
ffa4,fishing_rod,Springboard,1,0.0,0.0000
ffa4,fishing_rod,Updraft,3,1.0,0.3333
ffa4,fishing_rod,Vent,3,0.0,0.0000
ffa4,flail,@Node2D@207,1,0.0,0.0000
ffa4,flail,Battlefield,4,1.0,0.2500
ffa4,flail,Bowl,3,1.0,0.3333
ffa4,flail,Bulwark,4,1.0,0.2500
ffa4,flail,Carousel,4,2.0,0.5000
ffa4,flail,Cascade,1,0.0,0.0000
ffa4,flail,Erosion,5,1.0,0.2000
ffa4,flail,Ferry,3,0.0,0.0000
ffa4,flail,FinalDestination,3,2.0,0.6667
ffa4,flail,Flatlands,25,5.0,0.2000
ffa4,flail,Footbridge,3,1.0,0.3333
ffa4,flail,Furnace,4,2.0,0.5000
ffa4,flail,Gale,1,0.0,0.0000
ffa4,flail,Gantry,1,0.0,0.0000
ffa4,flail,Gauntlet,3,0.0,0.0000
ffa4,flail,Highrise,1,1.0,1.0000
ffa4,flail,Islands,2,0.0,0.0000
ffa4,flail,Mesa,1,0.0,0.0000
ffa4,flail,Mill,3,1.0,0.3333
ffa4,flail,Pillars,3,2.0,0.6667
ffa4,flail,Pocket,4,0.0,0.0000
ffa4,flail,Quarry,3,0.0,0.0000
ffa4,flail,Reactor,1,0.0,0.0000
ffa4,flail,Relay,3,1.0,0.3333
ffa4,flail,Rockfall,3,0.0,0.0000
ffa4,flail,Roundabout,2,0.0,0.0000
ffa4,flail,Sinkhole,5,2.0,0.4000
ffa4,flail,Springboard,3,1.0,0.3333
ffa4,flail,Summit,1,0.0,0.0000
ffa4,flail,Updraft,2,1.0,0.5000
ffa4,flail,Vent,4,1.0,0.2500
ffa4,grapple,@Node2D@193,1,0.0,0.0000
ffa4,grapple,Battlefield,3,2.0,0.6667
ffa4,grapple,Bowl,2,0.0,0.0000
ffa4,grapple,Bulwark,3,0.0,0.0000
ffa4,grapple,Carousel,2,1.0,0.5000
ffa4,grapple,Cascade,1,0.0,0.0000
ffa4,grapple,Erosion,2,0.0,0.0000
ffa4,grapple,Ferry,1,0.0,0.0000
ffa4,grapple,FinalDestination,3,0.0,0.0000
ffa4,grapple,Flatlands,27,4.0,0.1481
ffa4,grapple,Footbridge,3,0.0,0.0000
ffa4,grapple,Furnace,3,0.0,0.0000
ffa4,grapple,Gale,3,1.0,0.3333
ffa4,grapple,Gantry,2,1.0,0.5000
ffa4,grapple,Gauntlet,3,1.0,0.3333
ffa4,grapple,Highrise,3,0.0,0.0000
ffa4,grapple,Islands,4,1.0,0.2500
ffa4,grapple,Mesa,1,0.0,0.0000
ffa4,grapple,Mill,3,0.0,0.0000
ffa4,grapple,Pillars,5,2.0,0.4000
ffa4,grapple,Pocket,5,0.0,0.0000
ffa4,grapple,Quarry,6,3.0,0.5000
ffa4,grapple,Reactor,2,0.0,0.0000
ffa4,grapple,Relay,4,1.0,0.2500
ffa4,grapple,Rockfall,3,1.0,0.3333
ffa4,grapple,Sinkhole,2,1.0,0.5000
ffa4,grapple,Slant,2,0.0,0.0000
ffa4,grapple,Springboard,3,0.0,0.0000
ffa4,grapple,Updraft,1,0.0,0.0000
ffa4,grapple,Vent,4,2.0,0.5000
ffa4,magnet,@Node2D@204,1,0.0,0.0000
ffa4,magnet,Battlefield,3,0.0,0.0000
ffa4,magnet,Bowl,4,0.0,0.0000
ffa4,magnet,Bulwark,4,0.0,0.0000
ffa4,magnet,Carousel,3,0.0,0.0000
ffa4,magnet,Cascade,2,1.0,0.5000
ffa4,magnet,Erosion,2,1.0,0.5000
ffa4,magnet,Ferry,3,0.0,0.0000
ffa4,magnet,FinalDestination,1,0.0,0.0000
ffa4,magnet,Flatlands,27,2.0,0.0741
ffa4,magnet,Footbridge,5,0.0,0.0000
ffa4,magnet,Furnace,5,0.0,0.0000
ffa4,magnet,Gale,3,0.0,0.0000
ffa4,magnet,Gantry,1,0.0,0.0000
ffa4,magnet,Gauntlet,3,0.0,0.0000
ffa4,magnet,Highrise,2,0.0,0.0000
ffa4,magnet,Islands,3,0.0,0.0000
ffa4,magnet,Mill,2,1.0,0.5000
ffa4,magnet,Pillars,6,1.0,0.1667
ffa4,magnet,Pocket,5,0.0,0.0000
ffa4,magnet,Quarry,4,0.0,0.0000
ffa4,magnet,Reactor,4,1.0,0.2500
ffa4,magnet,Relay,1,0.0,0.0000
ffa4,magnet,Rockfall,2,0.0,0.0000
ffa4,magnet,Roundabout,2,0.0,0.0000
ffa4,magnet,Sinkhole,4,0.0,0.0000
ffa4,magnet,Slant,1,0.0,0.0000
ffa4,magnet,Springboard,2,0.0,0.0000
ffa4,magnet,Summit,2,0.0,0.0000
ffa4,magnet,Updraft,3,0.0,0.0000
ffa4,magnet,Vent,3,0.0,0.0000
ffa4,pickaxe,@Node2D@207,1,0.0,0.0000
ffa4,pickaxe,Battlefield,2,1.0,0.5000
ffa4,pickaxe,Bulwark,1,0.0,0.0000
ffa4,pickaxe,Carousel,2,1.0,0.5000
ffa4,pickaxe,Cascade,8,2.0,0.2500
ffa4,pickaxe,Erosion,4,3.0,0.7500
ffa4,pickaxe,Ferry,3,2.0,0.6667
ffa4,pickaxe,FinalDestination,2,1.0,0.5000
ffa4,pickaxe,Flatlands,26,6.0,0.2308
ffa4,pickaxe,Footbridge,3,2.0,0.6667
ffa4,pickaxe,Gale,1,0.0,0.0000
ffa4,pickaxe,Gantry,2,0.0,0.0000
ffa4,pickaxe,Highrise,3,1.0,0.3333
ffa4,pickaxe,Islands,7,1.0,0.1429
ffa4,pickaxe,Mesa,2,0.0,0.0000
ffa4,pickaxe,Mill,3,2.0,0.6667
ffa4,pickaxe,Pillars,5,0.0,0.0000
ffa4,pickaxe,Pocket,3,1.0,0.3333
ffa4,pickaxe,Quarry,6,0.0,0.0000
ffa4,pickaxe,Reactor,5,1.0,0.2000
ffa4,pickaxe,Rockfall,1,1.0,1.0000
ffa4,pickaxe,Sinkhole,4,1.0,0.2500
ffa4,pickaxe,Slant,2,2.0,1.0000
ffa4,pickaxe,Springboard,3,1.0,0.3333
ffa4,pickaxe,Summit,1,1.0,1.0000
ffa4,pickaxe,Updraft,4,1.0,0.2500
ffa4,pickaxe,Vent,3,2.0,0.6667
ffa4,plunger,Battlefield,5,0.0,0.0000
ffa4,plunger,Bowl,3,1.0,0.3333
ffa4,plunger,Bulwark,3,0.0,0.0000
ffa4,plunger,Carousel,4,2.0,0.5000
ffa4,plunger,Cascade,5,0.0,0.0000
ffa4,plunger,Erosion,3,0.0,0.0000
ffa4,plunger,Ferry,3,1.0,0.3333
ffa4,plunger,FinalDestination,1,0.0,0.0000
ffa4,plunger,Flatlands,25,1.0,0.0400
ffa4,plunger,Footbridge,4,0.0,0.0000
ffa4,plunger,Furnace,1,0.0,0.0000
ffa4,plunger,Gale,1,0.0,0.0000
ffa4,plunger,Gantry,1,0.0,0.0000
ffa4,plunger,Gauntlet,4,2.0,0.5000
ffa4,plunger,Highrise,2,0.0,0.0000
ffa4,plunger,Islands,2,0.0,0.0000
ffa4,plunger,Mesa,1,1.0,1.0000
ffa4,plunger,Mill,2,1.0,0.5000
ffa4,plunger,Pillars,1,0.0,0.0000
ffa4,plunger,Pocket,2,0.0,0.0000
ffa4,plunger,Quarry,3,1.0,0.3333
ffa4,plunger,Reactor,2,0.0,0.0000
ffa4,plunger,Rockfall,3,0.0,0.0000
ffa4,plunger,Roundabout,1,0.0,0.0000
ffa4,plunger,Sinkhole,4,1.0,0.2500
ffa4,plunger,Slant,2,0.0,0.0000
ffa4,plunger,Springboard,5,1.0,0.2000
ffa4,plunger,Summit,3,0.0,0.0000
ffa4,plunger,Updraft,2,1.0,0.5000
ffa4,plunger,Vent,2,0.0,0.0000
ffa4,pogo,Battlefield,6,1.0,0.1667
ffa4,pogo,Bowl,2,1.0,0.5000
ffa4,pogo,Bulwark,3,1.0,0.3333
ffa4,pogo,Carousel,1,0.0,0.0000
ffa4,pogo,Cascade,1,1.0,1.0000
ffa4,pogo,Erosion,4,2.0,0.5000
ffa4,pogo,Ferry,3,1.0,0.3333
ffa4,pogo,FinalDestination,1,0.0,0.0000
ffa4,pogo,Flatlands,24,5.0,0.2083
ffa4,pogo,Footbridge,1,1.0,1.0000
ffa4,pogo,Furnace,2,0.0,0.0000
ffa4,pogo,Gale,4,0.0,0.0000
ffa4,pogo,Gantry,4,2.0,0.5000
ffa4,pogo,Gauntlet,4,1.0,0.2500
ffa4,pogo,Islands,2,2.0,1.0000
ffa4,pogo,Mesa,2,1.0,0.5000
ffa4,pogo,Mill,3,2.0,0.6667
ffa4,pogo,Pillars,2,0.0,0.0000
ffa4,pogo,Pocket,2,2.0,1.0000
ffa4,pogo,Quarry,3,0.0,0.0000
ffa4,pogo,Reactor,2,0.0,0.0000
ffa4,pogo,Relay,4,0.0,0.0000
ffa4,pogo,Rockfall,2,1.0,0.5000
ffa4,pogo,Sinkhole,4,0.0,0.0000
ffa4,pogo,Springboard,4,1.0,0.2500
ffa4,pogo,Summit,3,3.0,1.0000
ffa4,pogo,Updraft,1,1.0,1.0000
ffa4,pogo,Vent,5,2.0,0.4000
ffa4,shield,Battlefield,6,0.0,0.0000
ffa4,shield,Bowl,3,2.0,0.6667
ffa4,shield,Bulwark,4,3.0,0.7500
ffa4,shield,Carousel,1,1.0,1.0000
ffa4,shield,Cascade,1,1.0,1.0000
ffa4,shield,Erosion,6,2.0,0.3333
ffa4,shield,Ferry,1,1.0,1.0000
ffa4,shield,FinalDestination,5,2.0,0.4000
ffa4,shield,Flatlands,26,6.0,0.2308
ffa4,shield,Footbridge,6,4.0,0.6667
ffa4,shield,Furnace,1,1.0,1.0000
ffa4,shield,Gale,3,1.0,0.3333
ffa4,shield,Gantry,1,0.0,0.0000
ffa4,shield,Gauntlet,3,1.0,0.3333
ffa4,shield,Highrise,1,1.0,1.0000
ffa4,shield,Islands,2,0.0,0.0000
ffa4,shield,Mesa,1,0.0,0.0000
ffa4,shield,Mill,2,0.0,0.0000
ffa4,shield,Pillars,4,0.0,0.0000
ffa4,shield,Pocket,3,2.0,0.6667
ffa4,shield,Quarry,6,2.0,0.3333
ffa4,shield,Reactor,1,0.0,0.0000
ffa4,shield,Relay,2,0.0,0.0000
ffa4,shield,Rockfall,2,1.0,0.5000
ffa4,shield,Roundabout,2,1.0,0.5000
ffa4,shield,Sinkhole,1,0.0,0.0000
ffa4,shield,Slant,1,0.0,0.0000
ffa4,shield,Springboard,2,2.0,1.0000
ffa4,shield,Summit,2,0.0,0.0000
ffa4,shield,Updraft,5,3.0,0.6000
ffa4,shield,Vent,1,0.0,0.0000
ffa4,spear,Battlefield,5,2.0,0.4000
ffa4,spear,Bowl,2,1.0,0.5000
ffa4,spear,Bulwark,3,1.0,0.3333
ffa4,spear,Carousel,2,1.0,0.5000
ffa4,spear,Cascade,3,0.0,0.0000
ffa4,spear,Erosion,4,1.0,0.2500
ffa4,spear,Ferry,4,1.0,0.2500
ffa4,spear,FinalDestination,1,0.0,0.0000
ffa4,spear,Flatlands,26,9.0,0.3462
ffa4,spear,Footbridge,6,1.0,0.1667
ffa4,spear,Furnace,2,1.0,0.5000
ffa4,spear,Gantry,4,0.0,0.0000
ffa4,spear,Gauntlet,3,0.0,0.0000
ffa4,spear,Islands,2,1.0,0.5000
ffa4,spear,Mill,1,0.0,0.0000
ffa4,spear,Pillars,2,0.0,0.0000
ffa4,spear,Pocket,2,1.0,0.5000
ffa4,spear,Quarry,7,0.0,0.0000
ffa4,spear,Reactor,2,1.0,0.5000
ffa4,spear,Relay,4,0.0,0.0000
ffa4,spear,Rockfall,3,0.0,0.0000
ffa4,spear,Roundabout,3,0.0,0.0000
ffa4,spear,Sinkhole,6,2.0,0.3333
ffa4,spear,Slant,1,0.0,0.0000
ffa4,spear,Springboard,1,0.0,0.0000
ffa4,spear,Summit,3,0.0,0.0000
ffa4,spear,Updraft,5,0.0,0.0000
ffa4,spear,Vent,3,0.0,0.0000
ffa4,staff,@Node2D@193,1,0.0,0.0000
ffa4,staff,@Node2D@207,1,0.0,0.0000
ffa4,staff,Battlefield,3,1.0,0.3333
ffa4,staff,Bowl,4,1.0,0.2500
ffa4,staff,Bulwark,3,0.0,0.0000
ffa4,staff,Carousel,4,2.0,0.5000
ffa4,staff,Cascade,4,1.0,0.2500
ffa4,staff,Erosion,3,1.0,0.3333
ffa4,staff,Ferry,3,0.0,0.0000
ffa4,staff,FinalDestination,3,2.0,0.6667
ffa4,staff,Flatlands,25,4.0,0.1600
ffa4,staff,Footbridge,4,1.0,0.2500
ffa4,staff,Furnace,5,2.0,0.4000
ffa4,staff,Gale,2,0.0,0.0000
ffa4,staff,Gantry,5,1.0,0.2000
ffa4,staff,Gauntlet,4,1.0,0.2500
ffa4,staff,Highrise,1,1.0,1.0000
ffa4,staff,Islands,4,1.0,0.2500
ffa4,staff,Mesa,1,0.0,0.0000
ffa4,staff,Mill,1,0.0,0.0000
ffa4,staff,Pillars,1,0.0,0.0000
ffa4,staff,Pocket,6,0.0,0.0000
ffa4,staff,Quarry,6,1.0,0.1667
ffa4,staff,Reactor,1,0.0,0.0000
ffa4,staff,Relay,1,1.0,1.0000
ffa4,staff,Rockfall,3,0.0,0.0000
ffa4,staff,Roundabout,1,1.0,1.0000
ffa4,staff,Sinkhole,2,0.0,0.0000
ffa4,staff,Springboard,1,0.0,0.0000
ffa4,staff,Summit,1,0.0,0.0000
ffa4,staff,Updraft,7,0.0,0.0000
ffa4,staff,Vent,3,1.0,0.3333
ffa4,sword,@Node2D@193,1,0.0,0.0000
ffa4,sword,@Node2D@207,2,0.0,0.0000
ffa4,sword,Battlefield,5,1.0,0.2000
ffa4,sword,Bowl,2,1.0,0.5000
ffa4,sword,Bulwark,2,0.0,0.0000
ffa4,sword,Carousel,6,0.0,0.0000
ffa4,sword,Cascade,3,0.0,0.0000
ffa4,sword,Erosion,4,0.0,0.0000
ffa4,sword,Ferry,2,1.0,0.5000
ffa4,sword,FinalDestination,1,0.0,0.0000
ffa4,sword,Flatlands,24,5.0,0.2083
ffa4,sword,Footbridge,2,1.0,0.5000
ffa4,sword,Furnace,3,0.0,0.0000
ffa4,sword,Gale,5,0.0,0.0000
ffa4,sword,Gantry,2,0.0,0.0000
ffa4,sword,Gauntlet,3,1.0,0.3333
ffa4,sword,Highrise,1,0.0,0.0000
ffa4,sword,Islands,4,1.0,0.2500
ffa4,sword,Mill,2,0.0,0.0000
ffa4,sword,Pillars,4,0.0,0.0000
ffa4,sword,Pocket,4,1.0,0.2500
ffa4,sword,Quarry,5,1.0,0.2000
ffa4,sword,Reactor,2,1.0,0.5000
ffa4,sword,Relay,2,0.0,0.0000
ffa4,sword,Rockfall,4,0.0,0.0000
ffa4,sword,Sinkhole,2,0.0,0.0000
ffa4,sword,Slant,1,0.0,0.0000
ffa4,sword,Springboard,3,2.0,0.6667
ffa4,sword,Summit,2,0.0,0.0000
ffa4,sword,Updraft,2,0.0,0.0000
ffa4,sword,Vent,3,0.0,0.0000
ffa4,umbrella,@Node2D@204,1,0.0,0.0000
ffa4,umbrella,Battlefield,4,1.0,0.2500
ffa4,umbrella,Bowl,1,1.0,1.0000
ffa4,umbrella,Carousel,1,0.0,0.0000
ffa4,umbrella,Cascade,5,1.0,0.2000
ffa4,umbrella,Erosion,5,0.0,0.0000
ffa4,umbrella,Ferry,3,1.0,0.3333
ffa4,umbrella,FinalDestination,2,0.0,0.0000
ffa4,umbrella,Flatlands,23,3.0,0.1304
ffa4,umbrella,Footbridge,5,0.0,0.0000
ffa4,umbrella,Furnace,2,0.0,0.0000
ffa4,umbrella,Gale,1,1.0,1.0000
ffa4,umbrella,Gantry,3,1.0,0.3333
ffa4,umbrella,Gauntlet,4,1.0,0.2500
ffa4,umbrella,Islands,5,0.0,0.0000
ffa4,umbrella,Mesa,1,0.0,0.0000
ffa4,umbrella,Mill,3,1.0,0.3333
ffa4,umbrella,Pillars,2,1.0,0.5000
ffa4,umbrella,Pocket,3,0.0,0.0000
ffa4,umbrella,Quarry,7,3.0,0.4286
ffa4,umbrella,Reactor,2,0.0,0.0000
ffa4,umbrella,Relay,2,1.0,0.5000
ffa4,umbrella,Rockfall,1,0.0,0.0000
ffa4,umbrella,Roundabout,1,0.0,0.0000
ffa4,umbrella,Sinkhole,5,1.0,0.2000
ffa4,umbrella,Slant,1,1.0,1.0000
ffa4,umbrella,Springboard,1,0.0,0.0000
ffa4,umbrella,Summit,1,0.0,0.0000
ffa4,umbrella,Updraft,2,1.0,0.5000
ffa4,umbrella,Vent,4,0.0,0.0000
