weapon,opponent,rounds,score,win_rate
axe,boomerang,10,9.0,0.9000
axe,boomstick,10,3.0,0.3000
axe,dagger,10,5.0,0.5000
axe,fishing_rod,10,9.0,0.9000
axe,flail,10,7.0,0.7000
axe,grapple,10,10.0,1.0000
axe,magnet,10,7.0,0.7000
axe,pickaxe,10,7.0,0.7000
axe,plunger,10,9.0,0.9000
axe,pogo,10,5.0,0.5000
axe,shield,10,9.0,0.9000
axe,spear,10,5.0,0.5000
axe,staff,10,6.0,0.6000
axe,sword,10,10.0,1.0000
axe,umbrella,10,4.0,0.4000
boomerang,axe,10,1.0,0.1000
boomerang,boomstick,10,4.0,0.4000
boomerang,dagger,10,0.0,0.0000
boomerang,fishing_rod,10,5.0,0.5000
boomerang,flail,10,3.0,0.3000
boomerang,grapple,10,4.0,0.4000
boomerang,magnet,10,6.0,0.6000
boomerang,pickaxe,10,1.5,0.1500
boomerang,plunger,10,4.0,0.4000
boomerang,pogo,10,0.0,0.0000
boomerang,shield,10,1.0,0.1000
boomerang,spear,10,6.0,0.6000
boomerang,staff,10,5.0,0.5000
boomerang,sword,10,3.0,0.3000
boomerang,umbrella,10,4.0,0.4000
boomstick,axe,10,7.0,0.7000
boomstick,boomerang,10,6.0,0.6000
boomstick,dagger,10,7.0,0.7000
boomstick,fishing_rod,10,9.0,0.9000
boomstick,flail,10,4.0,0.4000
boomstick,grapple,10,5.0,0.5000
boomstick,magnet,10,8.0,0.8000
boomstick,pickaxe,10,4.0,0.4000
boomstick,plunger,10,4.0,0.4000
boomstick,pogo,10,2.0,0.2000
boomstick,shield,10,7.0,0.7000
boomstick,spear,10,3.0,0.3000
boomstick,staff,10,6.0,0.6000
boomstick,sword,10,8.0,0.8000
boomstick,umbrella,10,5.0,0.5000
dagger,axe,10,5.0,0.5000
dagger,boomerang,10,10.0,1.0000
dagger,boomstick,10,3.0,0.3000
dagger,fishing_rod,10,9.0,0.9000
dagger,flail,10,6.0,0.6000
dagger,grapple,10,9.0,0.9000
dagger,magnet,10,5.0,0.5000
dagger,pickaxe,10,3.0,0.3000
dagger,plunger,10,6.0,0.6000
dagger,pogo,10,6.0,0.6000
dagger,shield,10,7.0,0.7000
dagger,spear,10,7.0,0.7000
dagger,staff,10,6.0,0.6000
dagger,sword,10,7.0,0.7000
dagger,umbrella,10,4.0,0.4000
fishing_rod,axe,10,1.0,0.1000
fishing_rod,boomerang,10,5.0,0.5000
fishing_rod,boomstick,10,1.0,0.1000
fishing_rod,dagger,10,1.0,0.1000
fishing_rod,flail,10,4.0,0.4000
fishing_rod,grapple,10,1.5,0.1500
fishing_rod,magnet,10,4.0,0.4000
fishing_rod,pickaxe,10,1.0,0.1000
fishing_rod,plunger,10,4.0,0.4000
fishing_rod,pogo,10,3.0,0.3000
fishing_rod,shield,10,1.0,0.1000
fishing_rod,spear,10,2.0,0.2000
fishing_rod,staff,10,5.0,0.5000
fishing_rod,sword,10,1.0,0.1000
fishing_rod,umbrella,10,1.0,0.1000
flail,axe,10,3.0,0.3000
flail,boomerang,10,7.0,0.7000
flail,boomstick,10,6.0,0.6000
flail,dagger,10,4.0,0.4000
flail,fishing_rod,10,6.0,0.6000
flail,grapple,10,5.0,0.5000
flail,magnet,10,5.0,0.5000
flail,pickaxe,10,0.0,0.0000
flail,plunger,10,4.0,0.4000
flail,pogo,10,0.0,0.0000
flail,shield,10,3.0,0.3000
flail,spear,10,3.0,0.3000
flail,staff,10,6.0,0.6000
flail,sword,10,4.0,0.4000
flail,umbrella,10,3.0,0.3000
grapple,axe,10,0.0,0.0000
grapple,boomerang,10,6.0,0.6000
grapple,boomstick,10,5.0,0.5000
grapple,dagger,10,1.0,0.1000
grapple,fishing_rod,10,8.5,0.8500
grapple,flail,10,5.0,0.5000
grapple,magnet,10,4.0,0.4000
grapple,pickaxe,10,1.0,0.1000
grapple,plunger,10,3.5,0.3500
grapple,pogo,10,1.0,0.1000
grapple,shield,10,2.0,0.2000
grapple,spear,10,7.0,0.7000
grapple,staff,10,3.0,0.3000
grapple,sword,10,3.0,0.3000
grapple,umbrella,10,4.0,0.4000
magnet,axe,10,3.0,0.3000
magnet,boomerang,10,4.0,0.4000
magnet,boomstick,10,2.0,0.2000
magnet,dagger,10,5.0,0.5000
magnet,fishing_rod,10,6.0,0.6000
magnet,flail,10,5.0,0.5000
magnet,grapple,10,6.0,0.6000
magnet,pickaxe,10,3.0,0.3000
magnet,plunger,10,6.0,0.6000
magnet,pogo,10,0.0,0.0000
magnet,shield,10,0.0,0.0000
magnet,spear,10,4.0,0.4000
magnet,staff,10,4.0,0.4000
magnet,sword,10,1.0,0.1000
magnet,umbrella,10,1.0,0.1000
pickaxe,axe,10,3.0,0.3000
pickaxe,boomerang,10,8.5,0.8500
pickaxe,boomstick,10,6.0,0.6000
pickaxe,dagger,10,7.0,0.7000
pickaxe,fishing_rod,10,9.0,0.9000
pickaxe,flail,10,10.0,1.0000
pickaxe,grapple,10,9.0,0.9000
pickaxe,magnet,10,7.0,0.7000
pickaxe,plunger,10,9.0,0.9000
pickaxe,pogo,10,7.0,0.7000
pickaxe,shield,10,6.0,0.6000
pickaxe,spear,10,3.0,0.3000
pickaxe,staff,10,9.0,0.9000
pickaxe,sword,10,3.0,0.3000
pickaxe,umbrella,10,5.0,0.5000
plunger,axe,10,1.0,0.1000
plunger,boomerang,10,6.0,0.6000
plunger,boomstick,10,6.0,0.6000
plunger,dagger,10,4.0,0.4000
plunger,fishing_rod,10,6.0,0.6000
plunger,flail,10,6.0,0.6000
plunger,grapple,10,6.5,0.6500
plunger,magnet,10,4.0,0.4000
plunger,pickaxe,10,1.0,0.1000
plunger,pogo,10,2.0,0.2000
plunger,shield,10,1.0,0.1000
plunger,spear,10,5.0,0.5000
plunger,staff,10,6.0,0.6000
plunger,sword,10,0.0,0.0000
plunger,umbrella,10,2.0,0.2000
pogo,axe,10,5.0,0.5000
pogo,boomerang,10,10.0,1.0000
pogo,boomstick,10,8.0,0.8000
pogo,dagger,10,4.0,0.4000
pogo,fishing_rod,10,7.0,0.7000
pogo,flail,10,10.0,1.0000
pogo,grapple,10,9.0,0.9000
pogo,magnet,10,10.0,1.0000
pogo,pickaxe,10,3.0,0.3000
pogo,plunger,10,8.0,0.8000
pogo,shield,10,5.0,0.5000
pogo,spear,10,4.0,0.4000
pogo,staff,10,6.0,0.6000
pogo,sword,10,5.0,0.5000
pogo,umbrella,10,7.0,0.7000
shield,axe,10,1.0,0.1000
shield,boomerang,10,9.0,0.9000
shield,boomstick,10,3.0,0.3000
shield,dagger,10,3.0,0.3000
shield,fishing_rod,10,9.0,0.9000
shield,flail,10,7.0,0.7000
shield,grapple,10,8.0,0.8000
shield,magnet,10,10.0,1.0000
shield,pickaxe,10,4.0,0.4000
shield,plunger,10,9.0,0.9000
shield,pogo,10,5.0,0.5000
shield,spear,10,6.0,0.6000
shield,staff,10,8.0,0.8000
shield,sword,10,3.0,0.3000
shield,umbrella,10,4.0,0.4000
spear,axe,10,5.0,0.5000
spear,boomerang,10,4.0,0.4000
spear,boomstick,10,7.0,0.7000
spear,dagger,10,3.0,0.3000
spear,fishing_rod,10,8.0,0.8000
spear,flail,10,7.0,0.7000
spear,grapple,10,3.0,0.3000
spear,magnet,10,6.0,0.6000
spear,pickaxe,10,7.0,0.7000
spear,plunger,10,5.0,0.5000
spear,pogo,10,6.0,0.6000
spear,shield,10,4.0,0.4000
spear,staff,10,6.0,0.6000
spear,sword,10,6.0,0.6000
spear,umbrella,10,5.0,0.5000
staff,axe,10,4.0,0.4000
staff,boomerang,10,5.0,0.5000
staff,boomstick,10,4.0,0.4000
staff,dagger,10,4.0,0.4000
staff,fishing_rod,10,5.0,0.5000
staff,flail,10,4.0,0.4000
staff,grapple,10,7.0,0.7000
staff,magnet,10,6.0,0.6000
staff,pickaxe,10,1.0,0.1000
staff,plunger,10,4.0,0.4000
staff,pogo,10,4.0,0.4000
staff,shield,10,2.0,0.2000
staff,spear,10,4.0,0.4000
staff,sword,10,5.0,0.5000
staff,umbrella,10,5.0,0.5000
sword,axe,10,0.0,0.0000
sword,boomerang,10,7.0,0.7000
sword,boomstick,10,2.0,0.2000
sword,dagger,10,3.0,0.3000
sword,fishing_rod,10,9.0,0.9000
sword,flail,10,6.0,0.6000
sword,grapple,10,7.0,0.7000
sword,magnet,10,9.0,0.9000
sword,pickaxe,10,7.0,0.7000
sword,plunger,10,10.0,1.0000
sword,pogo,10,5.0,0.5000
sword,shield,10,7.0,0.7000
sword,spear,10,4.0,0.4000
sword,staff,10,5.0,0.5000
sword,umbrella,10,3.0,0.3000
umbrella,axe,10,6.0,0.6000
umbrella,boomerang,10,6.0,0.6000
umbrella,boomstick,10,5.0,0.5000
umbrella,dagger,10,6.0,0.6000
umbrella,fishing_rod,10,9.0,0.9000
umbrella,flail,10,7.0,0.7000
umbrella,grapple,10,6.0,0.6000
umbrella,magnet,10,9.0,0.9000
umbrella,pickaxe,10,5.0,0.5000
umbrella,plunger,10,8.0,0.8000
umbrella,pogo,10,3.0,0.3000
umbrella,shield,10,6.0,0.6000
umbrella,spear,10,5.0,0.5000
umbrella,staff,10,5.0,0.5000
umbrella,sword,10,7.0,0.7000
