format,mode,weapon,rounds,win_rate,ci_lo,ci_hi,damage_per_hit,hits_per_min,kos,self_kos,deaths,avg_first_elim_sec
1v1,classic,axe,150,0.7000,0.6224,0.7676,13.53,0.52,15,21,45,76.0
1v1,classic,boomerang,150,0.3167,0.2476,0.3949,5.27,3.17,17,67,103,64.1
1v1,classic,boomstick,150,0.5667,0.4867,0.6433,4.05,3.42,13,40,65,65.2
1v1,classic,dagger,150,0.6200,0.5402,0.6938,30.38,1.87,49,48,57,46.9
1v1,classic,fishing_rod,150,0.2367,0.1758,0.3107,2.64,2.00,3,81,115,73.0
1v1,classic,flail,150,0.3933,0.3188,0.4732,7.27,4.40,30,74,91,51.8
1v1,classic,grapple,150,0.3600,0.2876,0.4394,4.27,1.00,2,68,97,71.7
1v1,classic,magnet,150,0.3333,0.2629,0.4121,9.17,1.74,14,63,100,54.2
1v1,classic,pickaxe,150,0.6767,0.5982,0.7463,11.79,3.21,42,38,49,58.5
1v1,classic,plunger,150,0.3767,0.3031,0.4564,4.08,0.03,0,57,94,75.1
1v1,classic,pogo,150,0.6733,0.5948,0.7432,27.20,1.48,40,32,49,60.3
1v1,classic,shield,150,0.5933,0.5133,0.6687,2.11,2.91,27,42,61,66.6
1v1,classic,spear,150,0.5467,0.4668,0.6242,32.78,1.33,42,60,68,55.2
1v1,classic,staff,150,0.4267,0.3503,0.5067,8.64,4.26,36,65,86,54.8
1v1,classic,sword,150,0.5600,0.4800,0.6370,7.51,0.69,8,46,66,77.3
1v1,classic,umbrella,150,0.6200,0.5402,0.6938,5.14,5.41,25,38,57,61.1
ffa4,classic,axe,42,0.4048,0.2704,0.5551,15.28,0.23,3,15,25,26.0
ffa4,classic,boomerang,42,0.1190,0.0519,0.2500,6.26,2.48,8,27,37,19.3
ffa4,classic,boomstick,42,0.3333,0.2101,0.4845,3.02,4.40,5,22,28,18.5
ffa4,classic,dagger,48,0.2292,0.1331,0.3654,22.44,2.33,22,29,37,17.2
ffa4,classic,fishing_rod,48,0.1667,0.0870,0.2958,2.21,1.00,1,26,40,19.8
ffa4,classic,flail,42,0.2143,0.1171,0.3594,4.58,7.04,22,24,33,20.7
ffa4,classic,grapple,48,0.2292,0.1331,0.3654,3.16,2.42,2,20,37,15.1
ffa4,classic,magnet,48,0.0417,0.0115,0.1398,5.98,2.17,8,22,46,9.6
ffa4,classic,pickaxe,42,0.2143,0.1171,0.3594,8.61,3.12,8,27,33,17.2
ffa4,classic,plunger,42,0.1905,0.0998,0.3330,2.30,0.08,0,19,34,27.1
ffa4,classic,pogo,42,0.4048,0.2704,0.5551,21.45,2.20,21,14,25,25.7
ffa4,classic,shield,48,0.4583,0.3258,0.5971,2.09,3.50,21,20,26,17.8
ffa4,classic,spear,48,0.3333,0.2168,0.4746,30.13,1.65,24,22,32,14.1
ffa4,classic,staff,48,0.2708,0.1657,0.4100,9.51,3.87,14,29,35,13.6
ffa4,classic,sword,48,0.1667,0.0870,0.2958,10.73,0.98,6,33,40,19.1
ffa4,classic,umbrella,42,0.2143,0.1171,0.3594,4.41,5.91,9,18,33,14.8
ffa4,king_of_the_hill,axe,9,0.0000,0.0000,0.2992,25.06,0.12,0,2,4,21.1
ffa4,king_of_the_hill,boomerang,9,0.0000,0.0000,0.2992,6.18,1.70,1,2,7,16.7
ffa4,king_of_the_hill,boomstick,8,0.0000,0.0000,0.3244,3.37,2.26,1,2,4,35.2
ffa4,king_of_the_hill,dagger,8,0.0000,0.0000,0.3244,32.73,0.57,7,1,2,13.4
ffa4,king_of_the_hill,fishing_rod,8,0.0000,0.0000,0.3244,2.60,0.05,0,0,0,30.1
ffa4,king_of_the_hill,flail,8,0.1250,0.0224,0.4709,4.51,1.98,4,1,2,24.2
ffa4,king_of_the_hill,grapple,9,0.0000,0.0000,0.2992,4.25,0.69,0,0,3,24.1
ffa4,king_of_the_hill,magnet,9,0.1111,0.0199,0.4350,8.71,0.95,2,2,7,14.4
ffa4,king_of_the_hill,pickaxe,8,0.0000,0.0000,0.3244,6.40,0.40,1,0,0,61.2
ffa4,king_of_the_hill,plunger,8,0.0000,0.0000,0.3244,0.00,0.00,0,0,0,32.0
ffa4,king_of_the_hill,pogo,7,0.0000,0.0000,0.3543,28.63,0.66,3,0,1,38.9
ffa4,king_of_the_hill,shield,7,0.0000,0.0000,0.3543,2.57,2.00,2,0,3,35.0
ffa4,king_of_the_hill,spear,7,0.0000,0.0000,0.3543,37.32,0.14,1,2,2,34.2
ffa4,king_of_the_hill,staff,8,0.0000,0.0000,0.3244,6.85,1.58,1,2,2,34.5
ffa4,king_of_the_hill,sword,7,0.0000,0.0000,0.3543,7.50,0.60,1,3,5,46.1
ffa4,king_of_the_hill,umbrella,8,0.0000,0.0000,0.3244,4.60,2.40,4,1,4,16.6
ffa4,hot_potato,axe,42,0.5476,0.3995,0.6878,6.97,0.21,4,18,19,9.1
ffa4,hot_potato,boomerang,48,0.1667,0.0870,0.2958,10.73,2.30,8,36,40,9.4
ffa4,hot_potato,boomstick,42,0.1905,0.0998,0.3330,5.49,7.13,9,30,34,8.0
ffa4,hot_potato,dagger,48,0.2708,0.1657,0.4100,17.61,2.67,8,34,35,9.1
ffa4,hot_potato,fishing_rod,48,0.1250,0.0586,0.2470,2.48,0.76,2,31,42,10.9
ffa4,hot_potato,flail,48,0.3333,0.2168,0.4746,3.19,3.89,11,29,32,9.2
ffa4,hot_potato,grapple,42,0.2381,0.1348,0.3853,4.38,0.80,0,26,32,10.3
ffa4,hot_potato,magnet,48,0.0833,0.0329,0.1955,4.91,1.49,7,17,44,9.0
ffa4,hot_potato,pickaxe,48,0.5000,0.3639,0.6361,7.40,2.20,10,21,24,9.9
ffa4,hot_potato,plunger,42,0.1190,0.0519,0.2500,4.70,0.06,0,33,37,9.5
ffa4,hot_potato,pogo,42,0.3333,0.2101,0.4845,15.74,1.31,3,24,28,10.4
ffa4,hot_potato,shield,42,0.3571,0.2299,0.5083,2.05,1.63,9,23,27,10.3
ffa4,hot_potato,spear,48,0.1458,0.0725,0.2717,29.48,1.21,4,38,41,8.8
ffa4,hot_potato,staff,48,0.1875,0.1019,0.3194,6.40,3.30,2,34,39,8.8
ffa4,hot_potato,sword,42,0.1667,0.0832,0.3060,8.91,0.70,7,35,35,9.2
ffa4,hot_potato,umbrella,42,0.2381,0.1348,0.3853,2.98,4.00,2,26,32,10.0
ffa4,stock,axe,10,0.0000,-0.0000,0.2775,12.60,0.92,3,8,16,31.3
ffa4,stock,boomerang,7,0.0000,0.0000,0.3543,7.80,2.17,5,7,13,17.0
ffa4,stock,boomstick,9,0.1111,0.0199,0.4350,3.48,3.49,5,6,12,22.8
ffa4,stock,dagger,9,0.1111,0.0199,0.4350,16.45,2.35,11,8,13,12.6
ffa4,stock,fishing_rod,7,0.0000,0.0000,0.3543,4.93,0.60,5,3,11,13.9
ffa4,stock,flail,8,0.0000,0.0000,0.3244,6.70,3.97,9,5,13,25.0
ffa4,stock,grapple,8,0.0000,0.0000,0.3244,7.46,0.74,4,8,12,5.8
ffa4,stock,magnet,8,0.0000,0.0000,0.3244,6.48,1.53,10,11,19,13.4
ffa4,stock,pickaxe,9,0.0000,0.0000,0.2992,9.47,1.49,4,0,7,22.3
ffa4,stock,plunger,8,0.0000,0.0000,0.3244,9.76,0.20,1,4,4,35.6
ffa4,stock,pogo,8,0.0000,0.0000,0.3244,11.85,1.32,6,5,11,14.4
ffa4,stock,shield,8,0.0000,0.0000,0.3244,4.90,1.32,10,3,7,24.0
ffa4,stock,spear,7,0.0000,0.0000,0.3543,9.55,0.94,5,6,8,7.1
ffa4,stock,staff,10,0.1000,0.0179,0.4042,6.54,3.35,4,12,19,25.9
ffa4,stock,sword,11,0.0909,0.0162,0.3774,9.43,2.54,11,11,22,31.2
ffa4,stock,umbrella,9,0.0000,0.0000,0.2992,4.90,1.37,3,15,21,12.7
